Time,ZONE 1:OTTAWA INT'L ANN HTG 99.6% CONDNS DB:Des Heat Load [W],ZONE 1:OTTAWA INT'L ANN CLG .4% CONDNS DB=>MWB:Des Sens Cool Load [W],ZONE 1:OTTAWA INT'L ANN HTG 99.6% CONDNS DB:Des Heat Mass Flow [kg/s],ZONE 1:OTTAWA INT'L ANN CLG .4% CONDNS DB=>MWB:Des Cool Mass Flow [kg/s],ZONE 1::Des Latent Heat Load [W],ZONE 1::Des Latent Cool Load [W],ZONE 1::Des Latent Heat Mass Flow [kg/s],ZONE 1::Des Latent Cool Mass Flow [kg/s],ZONE 1::Des Heat Load No DOAS [W],ZONE 1::Des Sens Cool Load No DOAS [W],ZONE 1::Des Latent Heat Load No DOAS [W],ZONE 1::Des Latent Cool Load No DOAS [W],ZONE 1:OTTAWA INT'L ANN HTG 99.6% CONDNS DB:Heating Zone Temperature [C],ZONE 1:OTTAWA INT'L ANN HTG 99.6% CONDNS DB:Heating Zone Relative Humidity [%],ZONE 1:OTTAWA INT'L ANN CLG .4% CONDNS DB=>MWB:Cooling Zone Temperature [C],ZONE 1:OTTAWA INT'L ANN CLG .4% CONDNS DB=>MWB:Cooling Zone Relative Humidity [%]
00:10:00,1.346193E+04,1.451087E+02,4.392849E-01,1.423328E-02,0.000000E+00,0.000000E+00,0.000000E+00,0.000000E+00,0.000000E+00,0.000000E+00,0.000000E+00,0.000000E+00,1.994728E+01,3.835870E+01,2.399946E+01,6.538514E+01
00:20:00,1.346291E+04,9.762461E+01,4.393167E-01,9.575451E-03,0.000000E+00,0.000000E+00,0.000000E+00,0.000000E+00,0.000000E+00,0.000000E+00,0.000000E+00,0.000000E+00,1.994728E+01,3.835950E+01,2.399989E+01,6.603970E+01
00:30:00,1.346385E+04,5.979761E+01,4.393476E-01,5.865052E-03,0.000000E+00,0.000000E+00,0.000000E+00,0.000000E+00,0.000000E+00,0.000000E+00,0.000000E+00,0.000000E+00,1.994728E+01,3.836027E+01,2.395805E+01,6.673292E+01
00:40:00,1.346477E+04,3.139380E+01,4.393774E-01,3.079070E-03,0.000000E+00,0.000000E+00,0.000000E+00,0.000000E+00,0.000000E+00,0.000000E+00,0.000000E+00,0.000000E+00,1.994728E+01,3.836102E+01,2.386848E+01,6.741820E+01
00:50:00,1.346565E+04,1.218795E+01,4.394062E-01,1.195345E-03,0.000000E+00,0.000000E+00,0.000000E+00,0.000000E+00,0.000000E+00,0.000000E+00,0.000000E+00,0.000000E+00,1.994728E+01,3.836174E+01,2.375785E+01,6.802926E+01
01:00:00,1.346651E+04,1.962787E+00,4.394341E-01,1.924950E-04,0.000000E+00,0.000000E+00,0.000000E+00,0.000000E+00,0.000000E+00,0.000000E+00,0.000000E+00,0.000000E+00,1.994728E+01,3.836244E+01,2.364582E+01,6.855764E+01
01:10:00,1.346736E+04,0.000000E+00,4.394620E-01,0.000000E+00,0.000000E+00,0.000000E+00,0.000000E+00,0.000000E+00,0.000000E+00,0.000000E+00,0.000000E+00,0.000000E+00,1.994728E+01,3.836312E+01,2.353643E+01,6.903921E+01
01:20:00,1.346819E+04,0.000000E+00,4.394891E-01,0.000000E+00,0.000000E+00,0.000000E+00,0.000000E+00,0.000000E+00,0.000000E+00,0.000000E+00,0.000000E+00,0.000000E+00,1.994728E+01,3.836377E+01,2.343434E+01,6.947999E+01
01:30:00,1.346899E+04,0.000000E+00,4.395152E-01,0.000000E+00,0.000000E+00,0.000000E+00,0.000000E+00,0.000000E+00,0.000000E+00,0.000000E+00,0.000000E+00,0.000000E+00,1.994728E+01,3.836441E+01,2.333674E+01,6.989981E+01
01:40:00,1.346977E+04,0.000000E+00,4.395405E-01,0.000000E+00,0.000000E+00,0.000000E+00,0.000000E+00,0.000000E+00,0.000000E+00,0.000000E+00,0.000000E+00,0.000000E+00,1.994728E+01,3.836502E+01,2.323999E+01,7.031561E+01
01:50:00,1.347052E+04,0.000000E+00,4.395650E-01,0.000000E+00,0.000000E+00,0.000000E+00,0.000000E+00,0.000000E+00,0.000000E+00,0.000000E+00,0.000000E+00,0.000000E+00,1.994728E+01,3.836561E+01,2.314291E+01,7.073301E+01
02:00:00,1.347124E+04,0.000000E+00,4.395887E-01,0.000000E+00,0.000000E+00,0.000000E+00,0.000000E+00,0.000000E+00,0.000000E+00,0.000000E+00,0.000000E+00,0.000000E+00,1.994728E+01,3.836619E+01,2.304583E+01,7.115122E+01
02:10:00,1.347195E+04,0.000000E+00,4.396117E-01,0.000000E+00,0.000000E+00,0.000000E+00,0.000000E+00,0.000000E+00,0.000000E+00,0.000000E+00,0.000000E+00,0.000000E+00,1.994728E+01,3.836674E+01,2.294923E+01,7.156899E+01
02:20:00,1.347263E+04,0.000000E+00,4.396339E-01,0.000000E+00,0.000000E+00,0.000000E+00,0.000000E+00,0.000000E+00,0.000000E+00,0.000000E+00,0.000000E+00,0.000000E+00,1.994728E+01,3.836728E+01,2.285684E+01,7.197057E+01
02:30:00,1.347329E+04,0.000000E+00,4.396554E-01,0.000000E+00,0.000000E+00,0.000000E+00,0.000000E+00,0.000000E+00,0.000000E+00,0.000000E+00,0.000000E+00,0.000000E+00,1.994728E+01,3.836780E+01,2.276808E+01,7.235859E+01
02:40:00,1.347393E+04,0.000000E+00,4.396762E-01,0.000000E+00,0.000000E+00,0.000000E+00,0.000000E+00,0.000000E+00,0.000000E+00,0.000000E+00,0.000000E+00,0.000000E+00,1.994728E+01,3.836831E+01,2.268091E+01,7.274186E+01
02:50:00,1.347454E+04,0.000000E+00,4.396964E-01,0.000000E+00,0.000000E+00,0.000000E+00,0.000000E+00,0.000000E+00,0.000000E+00,0.000000E+00,0.000000E+00,0.000000E+00,1.994728E+01,3.836880E+01,2.259434E+01,7.312471E+01
03:00:00,1.347514E+04,0.000000E+00,4.397159E-01,0.000000E+00,0.000000E+00,0.000000E+00,0.000000E+00,0.000000E+00,0.000000E+00,0.000000E+00,0.000000E+00,0.000000E+00,1.994728E+01,3.836927E+01,2.250838E+01,7.350706E+01
03:10:00,1.347570E+04,0.000000E+00,4.397342E-01,0.000000E+00,0.000000E+00,0.000000E+00,0.000000E+00,0.000000E+00,0.000000E+00,0.000000E+00,0.000000E+00,0.000000E+00,1.994728E+01,3.836973E+01,2.242328E+01,7.388782E+01
03:20:00,1.347623E+04,0.000000E+00,4.397515E-01,0.000000E+00,0.000000E+00,0.000000E+00,0.000000E+00,0.000000E+00,0.000000E+00,0.000000E+00,0.000000E+00,0.000000E+00,1.994728E+01,3.837012E+01,2.233911E+01,7.426654E+01
03:30:00,1.347674E+04,0.000000E+00,4.397680E-01,0.000000E+00,0.000000E+00,0.000000E+00,0.000000E+00,0.000000E+00,0.000000E+00,0.000000E+00,0.000000E+00,0.000000E+00,1.994728E+01,3.837048E+01,2.225586E+01,7.464329E+01
03:40:00,1.347722E+04,0.000000E+00,4.397838E-01,0.000000E+00,0.000000E+00,0.000000E+00,0.000000E+00,0.000000E+00,0.000000E+00,0.000000E+00,0.000000E+00,0.000000E+00,1.994728E+01,3.837084E+01,2.217347E+01,7.501823E+01
03:50:00,1.347769E+04,0.000000E+00,4.397990E-01,0.000000E+00,0.000000E+00,0.000000E+00,0.000000E+00,0.000000E+00,0.000000E+00,0.000000E+00,0.000000E+00,0.000000E+00,1.994728E+01,3.837122E+01,2.209192E+01,7.539142E+01
04:00:00,1.347813E+04,0.000000E+00,4.398135E-01,0.000000E+00,0.000000E+00,0.000000E+00,0.000000E+00,0.000000E+00,0.000000E+00,0.000000E+00,0.000000E+00,0.000000E+00,1.994728E+01,3.837160E+01,2.201122E+01,7.576280E+01
04:10:00,1.347858E+04,0.000000E+00,4.398281E-01,0.000000E+00,0.000000E+00,0.000000E+00,0.000000E+00,0.000000E+00,0.000000E+00,0.000000E+00,0.000000E+00,0.000000E+00,1.994728E+01,3.837196E+01,2.193135E+01,7.613239E+01
04:20:00,1.347902E+04,0.000000E+00,4.398426E-01,0.000000E+00,0.000000E+00,0.000000E+00,0.000000E+00,0.000000E+00,0.000000E+00,0.000000E+00,0.000000E+00,0.000000E+00,1.994728E+01,3.837232E+01,2.185590E+01,7.648340E+01
04:30:00,1.347946E+04,0.000000E+00,4.398568E-01,0.000000E+00,0.000000E+00,0.000000E+00,0.000000E+00,0.000000E+00,0.000000E+00,0.000000E+00,0.000000E+00,0.000000E+00,1.994728E+01,3.837267E+01,2.178438E+01,7.681785E+01
04:40:00,1.347988E+04,0.000000E+00,4.398707E-01,0.000000E+00,0.000000E+00,0.000000E+00,0.000000E+00,0.000000E+00,0.000000E+00,0.000000E+00,0.000000E+00,0.000000E+00,1.994728E+01,3.837300E+01,2.171481E+01,7.714477E+01
04:50:00,1.348030E+04,0.000000E+00,4.398842E-01,0.000000E+00,0.000000E+00,0.000000E+00,0.000000E+00,0.000000E+00,0.000000E+00,0.000000E+00,0.000000E+00,0.000000E+00,1.994728E+01,3.837333E+01,2.165618E+01,7.742150E+01
05:00:00,1.348070E+04,0.000000E+00,4.398973E-01,0.000000E+00,0.000000E+00,0.000000E+00,0.000000E+00,0.000000E+00,0.000000E+00,0.000000E+00,0.000000E+00,0.000000E+00,1.994728E+01,3.837365E+01,2.162345E+01,7.757627E+01
05:10:00,1.348109E+04,0.000000E+00,4.399100E-01,0.000000E+00,0.000000E+00,0.000000E+00,0.000000E+00,0.000000E+00,0.000000E+00,0.000000E+00,0.000000E+00,0.000000E+00,1.994728E+01,3.837396E+01,2.163184E+01,7.753612E+01
05:20:00,1.348147E+04,0.000000E+00,4.399224E-01,0.000000E+00,0.000000E+00,0.000000E+00,0.000000E+00,0.000000E+00,0.000000E+00,0.000000E+00,0.000000E+00,0.000000E+00,1.994728E+01,3.837426E+01,2.170157E+01,7.720603E+01
05:30:00,1.348184E+04,0.000000E+00,4.399345E-01,0.000000E+00,0.000000E+00,0.000000E+00,0.000000E+00,0.000000E+00,0.000000E+00,0.000000E+00,0.000000E+00,0.000000E+00,1.994728E+01,3.837456E+01,2.182762E+01,7.661368E+01
05:40:00,1.348220E+04,0.000000E+00,4.399462E-01,0.000000E+00,0.000000E+00,0.000000E+00,0.000000E+00,0.000000E+00,0.000000E+00,0.000000E+00,0.000000E+00,0.000000E+00,1.994728E+01,3.837484E+01,2.198332E+01,7.588922E+01
05:50:00,1.348254E+04,0.000000E+00,4.399575E-01,0.000000E+00,0.000000E+00,0.000000E+00,0.000000E+00,0.000000E+00,0.000000E+00,0.000000E+00,0.000000E+00,0.000000E+00,1.994728E+01,3.837512E+01,2.215208E+01,7.511271E+01
06:00:00,1.348288E+04,0.000000E+00,4.399685E-01,0.000000E+00,0.000000E+00,0.000000E+00,0.000000E+00,0.000000E+00,0.000000E+00,0.000000E+00,0.000000E+00,0.000000E+00,1.994728E+01,3.837538E+01,2.233140E+01,7.429737E+01
06:10:00,1.348321E+04,0.000000E+00,4.399792E-01,0.000000E+00,0.000000E+00,0.000000E+00,0.000000E+00,0.000000E+00,0.000000E+00,0.000000E+00,0.000000E+00,0.000000E+00,1.994728E+01,3.837564E+01,2.252233E+01,7.344023E+01
06:20:00,1.348352E+04,0.000000E+00,4.399895E-01,0.000000E+00,0.000000E+00,0.000000E+00,0.000000E+00,0.000000E+00,0.000000E+00,0.000000E+00,0.000000E+00,0.000000E+00,1.994728E+01,3.837589E+01,2.274116E+01,7.247168E+01
06:30:00,1.348383E+04,0.000000E+00,4.399995E-01,0.000000E+00,0.000000E+00,0.000000E+00,0.000000E+00,0.000000E+00,0.000000E+00,0.000000E+00,0.000000E+00,0.000000E+00,1.994728E+01,3.837614E+01,2.298145E+01,7.142485E+01
06:40:00,1.348413E+04,0.000000E+00,4.400093E-01,0.000000E+00,0.000000E+00,0.000000E+00,0.000000E+00,0.000000E+00,0.000000E+00,0.000000E+00,0.000000E+00,0.000000E+00,1.994728E+01,3.837637E+01,2.323719E+01,7.032956E+01
06:50:00,1.348442E+04,0.000000E+00,4.400187E-01,0.000000E+00,0.000000E+00,0.000000E+00,0.000000E+00,0.000000E+00,0.000000E+00,0.000000E+00,0.000000E+00,0.000000E+00,1.994728E+01,3.837660E+01,2.349840E+01,6.923038E+01
07:00:00,1.348470E+04,2.585756E+00,4.400278E-01,2.598434E-04,0.000000E+00,0.000000E+00,0.000000E+00,0.000000E+00,0.000000E+00,0.000000E+00,0.000000E+00,0.000000E+00,1.994728E+01,3.837682E+01,2.375885E+01,6.815371E+01
07:10:00,1.310708E+04,3.950438E+02,4.277054E-01,3.874925E-02,0.000000E+00,0.000000E+00,0.000000E+00,0.000000E+00,0.000000E+00,0.000000E+00,0.000000E+00,0.000000E+00,1.994728E+01,3.837704E+01,2.399942E+01,6.711482E+01
07:20:00,1.271747E+04,8.082066E+02,4.150053E-01,7.934006E-02,0.000000E+00,0.000000E+00,0.000000E+00,0.000000E+00,0.000000E+00,0.000000E+00,0.000000E+00,0.000000E+00,1.995392E+01,3.833709E+01,2.398197E+01,6.200712E+01
07:30:00,1.232280E+04,1.255960E+03,4.021435E-01,1.233303E-01,0.000000E+00,0.000000E+00,0.000000E+00,0.000000E+00,0.000000E+00,0.000000E+00,0.000000E+00,0.000000E+00,1.995565E+01,3.828040E+01,2.398172E+01,5.728129E+01
07:40:00,1.192420E+04,1.732312E+03,3.891540E-01,1.701177E-01,0.000000E+00,0.000000E+00,0.000000E+00,0.000000E+00,0.000000E+00,0.000000E+00,0.000000E+00,0.000000E+00,1.995603E+01,3.823459E+01,2.398441E+01,5.513190E+01
07:50:00,1.152246E+04,2.236000E+03,3.760623E-01,2.195813E-01,0.000000E+00,0.000000E+00,0.000000E+00,0.000000E+00,0.000000E+00,0.000000E+00,0.000000E+00,0.000000E+00,1.995608E+01,3.820680E+01,2.398616E+01,5.460218E+01
08:00:00,1.111809E+04,2.763288E+03,3.628845E-01,2.713547E-01,0.000000E+00,0.000000E+00,0.000000E+00,0.000000E+00,0.000000E+00,0.000000E+00,0.000000E+00,0.000000E+00,1.995607E+01,3.818904E+01,2.398652E+01,5.440637E+01
08:10:00,1.108935E+04,2.926962E+03,3.619642E-01,2.874780E-01,0.000000E+00,0.000000E+00,0.000000E+00,0.000000E+00,0.000000E+00,0.000000E+00,0.000000E+00,0.000000E+00,1.995606E+01,3.817440E+01,2.398635E+01,5.407410E+01
08:20:00,1.107063E+04,3.095326E+03,3.613576E-01,3.039947E-01,0.000000E+00,0.000000E+00,0.000000E+00,0.000000E+00,0.000000E+00,0.000000E+00,0.000000E+00,0.000000E+00,1.995606E+01,3.816095E+01,2.398617E+01,5.365460E+01
08:30:00,1.105526E+04,3.253653E+03,3.608567E-01,3.195236E-01,0.000000E+00,0.000000E+00,0.000000E+00,0.000000E+00,0.000000E+00,0.000000E+00,0.000000E+00,0.000000E+00,1.995605E+01,3.814899E+01,2.398611E+01,5.326795E+01
08:40:00,1.104232E+04,3.407077E+03,3.604342E-01,3.345824E-01,0.000000E+00,0.000000E+00,0.000000E+00,0.000000E+00,0.000000E+00,0.000000E+00,0.000000E+00,0.000000E+00,1.995605E+01,3.813872E+01,2.398610E+01,5.294503E+01
08:50:00,1.103118E+04,3.555970E+03,3.600705E-01,3.492047E-01,0.000000E+00,0.000000E+00,0.000000E+00,0.000000E+00,0.000000E+00,0.000000E+00,0.000000E+00,0.000000E+00,1.995604E+01,3.812987E+01,2.398607E+01,5.266480E+01
09:00:00,1.102148E+04,3.700553E+03,3.597540E-01,3.634060E-01,0.000000E+00,0.000000E+00,0.000000E+00,0.000000E+00,0.000000E+00,0.000000E+00,0.000000E+00,0.000000E+00,1.995604E+01,3.812211E+01,2.398602E+01,5.240809E+01
09:10:00,1.101298E+04,3.838525E+03,3.594765E-01,3.769575E-01,0.000000E+00,0.000000E+00,0.000000E+00,0.000000E+00,0.000000E+00,0.000000E+00,0.000000E+00,0.000000E+00,1.995604E+01,3.811521E+01,2.398598E+01,5.216996E+01
09:20:00,1.100548E+04,3.969869E+03,3.592315E-01,3.898573E-01,0.000000E+00,0.000000E+00,0.000000E+00,0.000000E+00,0.000000E+00,0.000000E+00,0.000000E+00,0.000000E+00,1.995604E+01,3.810904E+01,2.398596E+01,5.195814E+01
09:30:00,1.099880E+04,4.094448E+03,3.590136E-01,4.020927E-01,0.000000E+00,0.000000E+00,0.000000E+00,0.000000E+00,0.000000E+00,0.000000E+00,0.000000E+00,0.000000E+00,1.995603E+01,3.810350E+01,2.398594E+01,5.176969E+01
09:40:00,1.099283E+04,4.212058E+03,3.588185E-01,4.136437E-01,0.000000E+00,0.000000E+00,0.000000E+00,0.000000E+00,0.000000E+00,0.000000E+00,0.000000E+00,0.000000E+00,1.995603E+01,3.809849E+01,2.398592E+01,5.159878E+01
09:50:00,1.098744E+04,4.322485E+03,3.586427E-01,4.244893E-01,0.000000E+00,0.000000E+00,0.000000E+00,0.000000E+00,0.000000E+00,0.000000E+00,0.000000E+00,0.000000E+00,1.995603E+01,3.809394E+01,2.398590E+01,5.144259E+01
10:00:00,1.098256E+04,4.425541E+03,3.584833E-01,4.346109E-01,0.000000E+00,0.000000E+00,0.000000E+00,0.000000E+00,0.000000E+00,0.000000E+00,0.000000E+00,0.000000E+00,1.995603E+01,3.808978E+01,2.398588E+01,5.130047E+01
10:10:00,1.097811E+04,4.521333E+03,3.583379E-01,4.440190E-01,0.000000E+00,0.000000E+00,0.000000E+00,0.000000E+00,0.000000E+00,0.000000E+00,0.000000E+00,0.000000E+00,1.995603E+01,3.808595E+01,2.398587E+01,5.117198E+01
10:20:00,1.097402E+04,4.609653E+03,3.582046E-01,4.526932E-01,0.000000E+00,0.000000E+00,0.000000E+00,0.000000E+00,0.000000E+00,0.000000E+00,0.000000E+00,0.000000E+00,1.995603E+01,3.808241E+01,2.398587E+01,5.106105E+01
10:30:00,1.097025E+04,4.690447E+03,3.580815E-01,4.606281E-01,0.000000E+00,0.000000E+00,0.000000E+00,0.000000E+00,0.000000E+00,0.000000E+00,0.000000E+00,0.000000E+00,1.995603E+01,3.807912E+01,2.398586E+01,5.096495E+01
10:40:00,1.096676E+04,4.763829E+03,3.579674E-01,4.678351E-01,0.000000E+00,0.000000E+00,0.000000E+00,0.000000E+00,0.000000E+00,0.000000E+00,0.000000E+00,0.000000E+00,1.995603E+01,3.807605E+01,2.398586E+01,5.087973E+01
10:50:00,1.096350E+04,4.830066E+03,3.578611E-01,4.743404E-01,0.000000E+00,0.000000E+00,0.000000E+00,0.000000E+00,0.000000E+00,0.000000E+00,0.000000E+00,0.000000E+00,1.995603E+01,3.807317E+01,2.398585E+01,5.080325E+01
11:00:00,1.096047E+04,4.889589E+03,3.577621E-01,4.801862E-01,0.000000E+00,0.000000E+00,0.000000E+00,0.000000E+00,0.000000E+00,0.000000E+00,0.000000E+00,0.000000E+00,1.995603E+01,3.807046E+01,2.398584E+01,5.073447E+01
11:10:00,1.095763E+04,4.941510E+03,3.576695E-01,4.852855E-01,0.000000E+00,0.000000E+00,0.000000E+00,0.000000E+00,0.000000E+00,0.000000E+00,0.000000E+00,0.000000E+00,1.995603E+01,3.806795E+01,2.398583E+01,5.067228E+01
11:20:00,1.095496E+04,4.986601E+03,3.575824E-01,4.897138E-01,0.000000E+00,0.000000E+00,0.000000E+00,0.000000E+00,0.000000E+00,0.000000E+00,0.000000E+00,0.000000E+00,1.995603E+01,3.806560E+01,2.398584E+01,5.062633E+01
11:30:00,1.095244E+04,5.025820E+03,3.575001E-01,4.935655E-01,0.000000E+00,0.000000E+00,0.000000E+00,0.000000E+00,0.000000E+00,0.000000E+00,0.000000E+00,0.000000E+00,1.995603E+01,3.806335E+01,2.398585E+01,5.059125E+01
11:40:00,1.095005E+04,5.060312E+03,3.574222E-01,4.969530E-01,0.000000E+00,0.000000E+00,0.000000E+00,0.000000E+00,0.000000E+00,0.000000E+00,0.000000E+00,0.000000E+00,1.995603E+01,3.806118E+01,2.398584E+01,5.055897E+01
11:50:00,1.094779E+04,5.091404E+03,3.573482E-01,5.000067E-01,0.000000E+00,0.000000E+00,0.000000E+00,0.000000E+00,0.000000E+00,0.000000E+00,0.000000E+00,0.000000E+00,1.995603E+01,3.805910E+01,2.398582E+01,5.052546E+01
12:00:00,1.094561E+04,5.120592E+03,3.572772E-01,5.028734E-01,0.000000E+00,0.000000E+00,0.000000E+00,0.000000E+00,0.000000E+00,0.000000E+00,0.000000E+00,0.000000E+00,1.995603E+01,3.805710E+01,2.398580E+01,5.048914E+01
12:10:00,1.094352E+04,5.151154E+03,3.572091E-01,5.058754E-01,0.000000E+00,0.000000E+00,0.000000E+00,0.000000E+00,0.000000E+00,0.000000E+00,0.000000E+00,0.000000E+00,1.995603E+01,3.805519E+01,2.398577E+01,5.044846E+01
12:20:00,1.094152E+04,5.185860E+03,3.571437E-01,5.092846E-01,0.000000E+00,0.000000E+00,0.000000E+00,0.000000E+00,0.000000E+00,0.000000E+00,0.000000E+00,0.000000E+00,1.995603E+01,3.805336E+01,2.398574E+01,5.040508E+01
12:30:00,1.093960E+04,5.226695E+03,3.570810E-01,5.132961E-01,0.000000E+00,0.000000E+00,0.000000E+00,0.000000E+00,0.000000E+00,0.000000E+00,0.000000E+00,0.000000E+00,1.995603E+01,3.805159E+01,2.398570E+01,5.035162E+01
12:40:00,1.093776E+04,5.275131E+03,3.570208E-01,5.180546E-01,0.000000E+00,0.000000E+00,0.000000E+00,0.000000E+00,0.000000E+00,0.000000E+00,0.000000E+00,0.000000E+00,1.995603E+01,3.804990E+01,2.398564E+01,5.028499E+01
12:50:00,1.093598E+04,5.332270E+03,3.569628E-01,5.236681E-01,0.000000E+00,0.000000E+00,0.000000E+00,0.000000E+00,0.000000E+00,0.000000E+00,0.000000E+00,0.000000E+00,1.995603E+01,3.804826E+01,2.398559E+01,5.020707E+01
13:00:00,1.093427E+04,5.398824E+03,3.569070E-01,5.302064E-01,0.000000E+00,0.000000E+00,0.000000E+00,0.000000E+00,0.000000E+00,0.000000E+00,0.000000E+00,0.000000E+00,1.995603E+01,3.804669E+01,2.398555E+01,5.012023E+01
13:10:00,1.093262E+04,5.474470E+03,3.568533E-01,5.376378E-01,0.000000E+00,0.000000E+00,0.000000E+00,0.000000E+00,0.000000E+00,0.000000E+00,0.000000E+00,0.000000E+00,1.995603E+01,3.804517E+01,2.398550E+01,5.002585E+01
13:20:00,1.093104E+04,5.557960E+03,3.568015E-01,5.458395E-01,0.000000E+00,0.000000E+00,0.000000E+00,0.000000E+00,0.000000E+00,0.000000E+00,0.000000E+00,0.000000E+00,1.995603E+01,3.804370E+01,2.398548E+01,4.993061E+01
13:30:00,1.092950E+04,5.648413E+03,3.567515E-01,5.547250E-01,0.000000E+00,0.000000E+00,0.000000E+00,0.000000E+00,0.000000E+00,0.000000E+00,0.000000E+00,0.000000E+00,1.995603E+01,3.804229E+01,2.398545E+01,4.983372E+01
13:40:00,1.092803E+04,5.744982E+03,3.567032E-01,5.642109E-01,0.000000E+00,0.000000E+00,0.000000E+00,0.000000E+00,0.000000E+00,0.000000E+00,0.000000E+00,0.000000E+00,1.995603E+01,3.804092E+01,2.398543E+01,4.973346E+01
13:50:00,1.092660E+04,5.846673E+03,3.566566E-01,5.741997E-01,0.000000E+00,0.000000E+00,0.000000E+00,0.000000E+00,0.000000E+00,0.000000E+00,0.000000E+00,0.000000E+00,1.995603E+01,3.803960E+01,2.398541E+01,4.963044E+01
14:00:00,1.092522E+04,5.952336E+03,3.566116E-01,5.845784E-01,0.000000E+00,0.000000E+00,0.000000E+00,0.000000E+00,0.000000E+00,0.000000E+00,0.000000E+00,0.000000E+00,1.995603E+01,3.803832E+01,2.398539E+01,4.952643E+01
14:10:00,1.092389E+04,6.059688E+03,3.565681E-01,5.951226E-01,0.000000E+00,0.000000E+00,0.000000E+00,0.000000E+00,0.000000E+00,0.000000E+00,0.000000E+00,0.000000E+00,1.995603E+01,3.803708E+01,2.398538E+01,4.942309E+01
14:20:00,1.092260E+04,6.167424E+03,3.565260E-01,6.057042E-01,0.000000E+00,0.000000E+00,0.000000E+00,0.000000E+00,0.000000E+00,0.000000E+00,0.000000E+00,0.000000E+00,1.995603E+01,3.803589E+01,2.398539E+01,4.933011E+01
14:30:00,1.092135E+04,6.274214E+03,3.564854E-01,6.161925E-01,0.000000E+00,0.000000E+00,0.000000E+00,0.000000E+00,0.000000E+00,0.000000E+00,0.000000E+00,0.000000E+00,1.995603E+01,3.803473E+01,2.398541E+01,4.924491E+01
14:40:00,1.092015E+04,6.378748E+03,3.564460E-01,6.264590E-01,0.000000E+00,0.000000E+00,0.000000E+00,0.000000E+00,0.000000E+00,0.000000E+00,0.000000E+00,0.000000E+00,1.995603E+01,3.803361E+01,2.398542E+01,4.916355E+01
14:50:00,1.091898E+04,6.479779E+03,3.564080E-01,6.363810E-01,0.000000E+00,0.000000E+00,0.000000E+00,0.000000E+00,0.000000E+00,0.000000E+00,0.000000E+00,0.000000E+00,1.995603E+01,3.803253E+01,2.398543E+01,4.908555E+01
15:00:00,1.091785E+04,6.576142E+03,3.563712E-01,6.458444E-01,0.000000E+00,0.000000E+00,0.000000E+00,0.000000E+00,0.000000E+00,0.000000E+00,0.000000E+00,0.000000E+00,1.995603E+01,3.803148E+01,2.398544E+01,4.901198E+01
15:10:00,1.105819E+04,6.536948E+03,3.609521E-01,6.419944E-01,0.000000E+00,0.000000E+00,0.000000E+00,0.000000E+00,0.000000E+00,0.000000E+00,0.000000E+00,0.000000E+00,1.995603E+01,3.803047E+01,2.398545E+01,4.894359E+01
15:20:00,1.120327E+04,6.487183E+03,3.656822E-01,6.370955E-01,0.000000E+00,0.000000E+00,0.000000E+00,0.000000E+00,0.000000E+00,0.000000E+00,0.000000E+00,0.000000E+00,1.995351E+01,3.767798E+01,2.398653E+01,4.860338E+01
15:30:00,1.135047E+04,6.427570E+03,3.704785E-01,6.312217E-01,0.000000E+00,0.000000E+00,0.000000E+00,0.000000E+00,0.000000E+00,0.000000E+00,0.000000E+00,0.000000E+00,1.995205E+01,3.743534E+01,2.398731E+01,4.839334E+01
15:40:00,1.149931E+04,6.357774E+03,3.753262E-01,6.243424E-01,0.000000E+00,0.000000E+00,0.000000E+00,0.000000E+00,0.000000E+00,0.000000E+00,0.000000E+00,0.000000E+00,1.995112E+01,3.739477E+01,2.398783E+01,4.834549E+01
15:50:00,1.164944E+04,6.277341E+03,3.802154E-01,6.164163E-01,0.000000E+00,0.000000E+00,0.000000E+00,0.000000E+00,0.000000E+00,0.000000E+00,0.000000E+00,0.000000E+00,1.995077E+01,3.742929E+01,2.398805E+01,4.834171E+01
16:00:00,1.180066E+04,6.185837E+03,3.851399E-01,6.074023E-01,0.000000E+00,0.000000E+00,0.000000E+00,0.000000E+00,0.000000E+00,0.000000E+00,0.000000E+00,0.000000E+00,1.995073E+01,3.745291E+01,2.398811E+01,4.832731E+01
16:10:00,1.181137E+04,6.214164E+03,3.854783E-01,6.101568E-01,0.000000E+00,0.000000E+00,0.000000E+00,0.000000E+00,0.000000E+00,0.000000E+00,0.000000E+00,0.000000E+00,1.995077E+01,3.745711E+01,2.398814E+01,4.830745E+01
16:20:00,1.181819E+04,6.236010E+03,3.856951E-01,6.122851E-01,0.000000E+00,0.000000E+00,0.000000E+00,0.000000E+00,0.000000E+00,0.000000E+00,0.000000E+00,0.000000E+00,1.995077E+01,3.745681E+01,2.398817E+01,4.829711E+01
16:30:00,1.182362E+04,6.249439E+03,3.858694E-01,6.135946E-01,0.000000E+00,0.000000E+00,0.000000E+00,0.000000E+00,0.000000E+00,0.000000E+00,0.000000E+00,0.000000E+00,1.995077E+01,3.745901E+01,2.398820E+01,4.829739E+01
16:40:00,1.182805E+04,6.253707E+03,3.860134E-01,6.140095E-01,0.000000E+00,0.000000E+00,0.000000E+00,0.000000E+00,0.000000E+00,0.000000E+00,0.000000E+00,0.000000E+00,1.995076E+01,3.746275E+01,2.398823E+01,4.830501E+01
16:50:00,1.183178E+04,6.248274E+03,3.861349E-01,6.134740E-01,0.000000E+00,0.000000E+00,0.000000E+00,0.000000E+00,0.000000E+00,0.000000E+00,0.000000E+00,0.000000E+00,1.995077E+01,3.746610E+01,2.398826E+01,4.831881E+01
17:00:00,1.183494E+04,6.232711E+03,3.862384E-01,6.119441E-01,0.000000E+00,0.000000E+00,0.000000E+00,0.000000E+00,0.000000E+00,0.000000E+00,0.000000E+00,0.000000E+00,1.995077E+01,3.746862E+01,2.398829E+01,4.833945E+01
17:10:00,1.207379E+04,5.982059E+03,3.940331E-01,5.873328E-01,0.000000E+00,0.000000E+00,0.000000E+00,0.000000E+00,0.000000E+00,0.000000E+00,0.000000E+00,0.000000E+00,1.995077E+01,3.747065E+01,2.398832E+01,4.836759E+01
17:20:00,1.231959E+04,5.715058E+03,4.020451E-01,5.611029E-01,0.000000E+00,0.000000E+00,0.000000E+00,0.000000E+00,0.000000E+00,0.000000E+00,0.000000E+00,0.000000E+00,1.994656E+01,3.789146E+01,2.399013E+01,4.871924E+01
17:30:00,1.256806E+04,5.434246E+03,4.101429E-01,5.335153E-01,0.000000E+00,0.000000E+00,0.000000E+00,0.000000E+00,0.000000E+00,0.000000E+00,0.000000E+00,0.000000E+00,1.994626E+01,3.819784E+01,2.399043E+01,4.901550E+01
17:40:00,1.281860E+04,5.140419E+03,4.183098E-01,5.046513E-01,0.000000E+00,0.000000E+00,0.000000E+00,0.000000E+00,0.000000E+00,0.000000E+00,0.000000E+00,0.000000E+00,1.994685E+01,3.827511E+01,2.399033E+01,4.915778E+01
17:50:00,1.307082E+04,4.832297E+03,4.265328E-01,4.743846E-01,0.000000E+00,0.000000E+00,0.000000E+00,0.000000E+00,0.000000E+00,0.000000E+00,0.000000E+00,0.000000E+00,1.994718E+01,3.826206E+01,2.399029E+01,4.924238E+01
18:00:00,1.332448E+04,4.510930E+03,4.348023E-01,4.428178E-01,0.000000E+00,0.000000E+00,0.000000E+00,0.000000E+00,0.000000E+00,0.000000E+00,0.000000E+00,0.000000E+00,1.994722E+01,3.825587E+01,2.399036E+01,4.934889E+01
18:10:00,1.334322E+04,4.400032E+03,4.354054E-01,4.319154E-01,0.000000E+00,0.000000E+00,0.000000E+00,0.000000E+00,0.000000E+00,0.000000E+00,0.000000E+00,0.000000E+00,1.994720E+01,3.826713E+01,2.399044E+01,4.948445E+01
18:20:00,1.335568E+04,4.280611E+03,4.358134E-01,4.201898E-01,0.000000E+00,0.000000E+00,0.000000E+00,0.000000E+00,0.000000E+00,0.000000E+00,0.000000E+00,0.000000E+00,1.994720E+01,3.828043E+01,2.399055E+01,4.964667E+01
18:30:00,1.336611E+04,4.149847E+03,4.361561E-01,4.073526E-01,0.000000E+00,0.000000E+00,0.000000E+00,0.000000E+00,0.000000E+00,0.000000E+00,0.000000E+00,0.000000E+00,1.994722E+01,3.828905E+01,2.399066E+01,4.983125E+01
18:40:00,1.337503E+04,4.006673E+03,4.364481E-01,3.932957E-01,0.000000E+00,0.000000E+00,0.000000E+00,0.000000E+00,0.000000E+00,0.000000E+00,0.000000E+00,0.000000E+00,1.994724E+01,3.829462E+01,2.399077E+01,5.003841E+01
18:50:00,1.338277E+04,3.852196E+03,4.367007E-01,3.781285E-01,0.000000E+00,0.000000E+00,0.000000E+00,0.000000E+00,0.000000E+00,0.000000E+00,0.000000E+00,0.000000E+00,1.994724E+01,3.829946E+01,2.399091E+01,5.027174E+01
19:00:00,1.338954E+04,3.685397E+03,4.369219E-01,3.617515E-01,0.000000E+00,0.000000E+00,0.000000E+00,0.000000E+00,0.000000E+00,0.000000E+00,0.000000E+00,0.000000E+00,1.994725E+01,3.830417E+01,2.399106E+01,5.053566E+01
19:10:00,1.339553E+04,3.507546E+03,4.371173E-01,3.442897E-01,0.000000E+00,0.000000E+00,0.000000E+00,0.000000E+00,0.000000E+00,0.000000E+00,0.000000E+00,0.000000E+00,1.994725E+01,3.830851E+01,2.399123E+01,5.083392E+01
19:20:00,1.340085E+04,3.319153E+03,4.372912E-01,3.257930E-01,0.000000E+00,0.000000E+00,0.000000E+00,0.000000E+00,0.000000E+00,0.000000E+00,0.000000E+00,0.000000E+00,1.994725E+01,3.831237E+01,2.399143E+01,5.117425E+01
19:30:00,1.340562E+04,3.121868E+03,4.374469E-01,3.064235E-01,0.000000E+00,0.000000E+00,0.000000E+00,0.000000E+00,0.000000E+00,0.000000E+00,0.000000E+00,0.000000E+00,1.994726E+01,3.831581E+01,2.399165E+01,5.156034E+01
19:40:00,1.340992E+04,2.918462E+03,4.375873E-01,2.864533E-01,0.000000E+00,0.000000E+00,0.000000E+00,0.000000E+00,0.000000E+00,0.000000E+00,0.000000E+00,0.000000E+00,1.994726E+01,3.831892E+01,2.399188E+01,5.199000E+01
19:50:00,1.341383E+04,2.716842E+03,4.377147E-01,2.666587E-01,0.000000E+00,0.000000E+00,0.000000E+00,0.000000E+00,0.000000E+00,0.000000E+00,0.000000E+00,0.000000E+00,1.994726E+01,3.832178E+01,2.399212E+01,5.245652E+01
20:00:00,1.341737E+04,2.521704E+03,4.378304E-01,2.475008E-01,0.000000E+00,0.000000E+00,0.000000E+00,0.000000E+00,0.000000E+00,0.000000E+00,0.000000E+00,0.000000E+00,1.994726E+01,3.832441E+01,2.399229E+01,5.291963E+01
20:10:00,1.342061E+04,2.337995E+03,4.379363E-01,2.294654E-01,0.000000E+00,0.000000E+00,0.000000E+00,0.000000E+00,0.000000E+00,0.000000E+00,0.000000E+00,0.000000E+00,1.994726E+01,3.832680E+01,2.399245E+01,5.336237E+01
20:20:00,1.342360E+04,2.168293E+03,4.380337E-01,2.128055E-01,0.000000E+00,0.000000E+00,0.000000E+00,0.000000E+00,0.000000E+00,0.000000E+00,0.000000E+00,0.000000E+00,1.994726E+01,3.832900E+01,2.399261E+01,5.378621E+01
20:30:00,1.342636E+04,2.014007E+03,4.381240E-01,1.976593E-01,0.000000E+00,0.000000E+00,0.000000E+00,0.000000E+00,0.000000E+00,0.000000E+00,0.000000E+00,0.000000E+00,1.994727E+01,3.833107E+01,2.399279E+01,5.420368E+01
20:40:00,1.342894E+04,1.875343E+03,4.382079E-01,1.840471E-01,0.000000E+00,0.000000E+00,0.000000E+00,0.000000E+00,0.000000E+00,0.000000E+00,0.000000E+00,0.000000E+00,1.994727E+01,3.833303E+01,2.399299E+01,5.462392E+01
20:50:00,1.343134E+04,1.747220E+03,4.382865E-01,1.714700E-01,0.000000E+00,0.000000E+00,0.000000E+00,0.000000E+00,0.000000E+00,0.000000E+00,0.000000E+00,0.000000E+00,1.994727E+01,3.833489E+01,2.399320E+01,5.504996E+01
21:00:00,1.343362E+04,1.627475E+03,4.383607E-01,1.597154E-01,0.000000E+00,0.000000E+00,0.000000E+00,0.000000E+00,0.000000E+00,0.000000E+00,0.000000E+00,0.000000E+00,1.994727E+01,3.833664E+01,2.399341E+01,5.548206E+01
21:10:00,1.343577E+04,1.514248E+03,4.384311E-01,1.486007E-01,0.000000E+00,0.000000E+00,0.000000E+00,0.000000E+00,0.000000E+00,0.000000E+00,0.000000E+00,0.000000E+00,1.994727E+01,3.833831E+01,2.399364E+01,5.592038E+01
21:20:00,1.343782E+04,1.406841E+03,4.384978E-01,1.380575E-01,0.000000E+00,0.000000E+00,0.000000E+00,0.000000E+00,0.000000E+00,0.000000E+00,0.000000E+00,0.000000E+00,1.994727E+01,3.833989E+01,2.399387E+01,5.636574E+01
21:30:00,1.343976E+04,1.304620E+03,4.385612E-01,1.280234E-01,0.000000E+00,0.000000E+00,0.000000E+00,0.000000E+00,0.000000E+00,0.000000E+00,0.000000E+00,0.000000E+00,1.994727E+01,3.834140E+01,2.399412E+01,5.681937E+01
21:40:00,1.344161E+04,1.207016E+03,4.386216E-01,1.184428E-01,0.000000E+00,0.000000E+00,0.000000E+00,0.000000E+00,0.000000E+00,0.000000E+00,0.000000E+00,0.000000E+00,1.994727E+01,3.834284E+01,2.399438E+01,5.728251E+01
21:50:00,1.344338E+04,1.113531E+03,4.386793E-01,1.092666E-01,0.000000E+00,0.000000E+00,0.000000E+00,0.000000E+00,0.000000E+00,0.000000E+00,0.000000E+00,0.000000E+00,1.994727E+01,3.834422E+01,2.399464E+01,5.775639E+01
22:00:00,1.344507E+04,1.023737E+03,4.387344E-01,1.004531E-01,0.000000E+00,0.000000E+00,0.000000E+00,0.000000E+00,0.000000E+00,0.000000E+00,0.000000E+00,0.000000E+00,1.994727E+01,3.834554E+01,2.399492E+01,5.824217E+01
22:10:00,1.344669E+04,9.382777E+02,4.387872E-01,9.206508E-02,0.000000E+00,0.000000E+00,0.000000E+00,0.000000E+00,0.000000E+00,0.000000E+00,0.000000E+00,0.000000E+00,1.994727E+01,3.834681E+01,2.399521E+01,5.874094E+01
22:20:00,1.344824E+04,8.568528E+02,4.388379E-01,8.407334E-02,0.000000E+00,0.000000E+00,0.000000E+00,0.000000E+00,0.000000E+00,0.000000E+00,0.000000E+00,0.000000E+00,1.994727E+01,3.834802E+01,2.399548E+01,5.923963E+01
22:30:00,1.344973E+04,7.792211E+02,4.388866E-01,7.645415E-02,0.000000E+00,0.000000E+00,0.000000E+00,0.000000E+00,0.000000E+00,0.000000E+00,0.000000E+00,0.000000E+00,1.994727E+01,3.834920E+01,2.399577E+01,5.973674E+01
22:40:00,1.345116E+04,7.052092E+02,4.389334E-01,6.919048E-02,0.000000E+00,0.000000E+00,0.000000E+00,0.000000E+00,0.000000E+00,0.000000E+00,0.000000E+00,0.000000E+00,1.994727E+01,3.835032E+01,2.399606E+01,6.023781E+01
22:50:00,1.345254E+04,6.346444E+02,4.389784E-01,6.226538E-02,0.000000E+00,0.000000E+00,0.000000E+00,0.000000E+00,0.000000E+00,0.000000E+00,0.000000E+00,0.000000E+00,1.994727E+01,3.835141E+01,2.399636E+01,6.074773E+01
23:00:00,1.345387E+04,5.672888E+02,4.390218E-01,5.565549E-02,0.000000E+00,0.000000E+00,0.000000E+00,0.000000E+00,0.000000E+00,0.000000E+00,0.000000E+00,0.000000E+00,1.994728E+01,3.835246E+01,2.399670E+01,6.126900E+01
23:10:00,1.345515E+04,5.019587E+02,4.390636E-01,4.924466E-02,0.000000E+00,0.000000E+00,0.000000E+00,0.000000E+00,0.000000E+00,0.000000E+00,0.000000E+00,0.000000E+00,1.994728E+01,3.835347E+01,2.399705E+01,6.180452E+01
23:20:00,1.345639E+04,4.384979E+02,4.391040E-01,4.301754E-02,0.000000E+00,0.000000E+00,0.000000E+00,0.000000E+00,0.000000E+00,0.000000E+00,0.000000E+00,0.000000E+00,1.994728E+01,3.835444E+01,2.399741E+01,6.235614E+01
23:30:00,1.345758E+04,3.767586E+02,4.391429E-01,3.695965E-02,0.000000E+00,0.000000E+00,0.000000E+00,0.000000E+00,0.000000E+00,0.000000E+00,0.000000E+00,0.000000E+00,1.994728E+01,3.835538E+01,2.399779E+01,6.292487E+01
23:40:00,1.345873E+04,3.165791E+02,4.391805E-01,3.105511E-02,0.000000E+00,0.000000E+00,0.000000E+00,0.000000E+00,0.000000E+00,0.000000E+00,0.000000E+00,0.000000E+00,1.994728E+01,3.835629E+01,2.399818E+01,6.351138E+01
23:50:00,1.345985E+04,2.578417E+02,4.392168E-01,2.529239E-02,0.000000E+00,0.000000E+00,0.000000E+00,0.000000E+00,0.000000E+00,0.000000E+00,0.000000E+00,0.000000E+00,1.994728E+01,3.835717E+01,2.399859E+01,6.411637E+01
24:00:00,1.346092E+04,2.005301E+02,4.392519E-01,1.966993E-02,0.000000E+00,0.000000E+00,0.000000E+00,0.000000E+00,0.000000E+00,0.000000E+00,0.000000E+00,0.000000E+00,1.994728E+01,3.835802E+01,2.399901E+01,6.474065E+01
Peak,1.348470E+04,6.576142E+03,4.400278E-01,6.458444E-01,0.000000E+00,0.000000E+00,0.000000E+00,0.000000E+00,0.000000E+00,0.000000E+00,0.000000E+00,0.000000E+00,,,,

Peak Vol Flow (m3/s),,,3.703563E-01,5.435851E-01,,,0.000000E+00,0.000000E+00,,,,,,,,
